{
    "combined_score": 1.5707921811253864,
    "public": {
        "centers_str": "  centers[0] = (0.5000, 0.5000)\n  centers[1] = (0.7300, 0.5000)\n  centers[2] = (0.6150, 0.6992)\n  centers[3] = (0.3850, 0.6992)\n  centers[4] = (0.2700, 0.5000)\n  centers[5] = (0.3850, 0.3008)\n  centers[6] = (0.6150, 0.3008)\n  centers[7] = (0.8946, 0.6387)\n  centers[8] = (0.7970, 0.7970)\n  centers[9] = (0.6387, 0.8946)\n  centers[10] = (0.3613, 0.8946)\n  centers[11] = (0.2030, 0.7970)\n  centers[12] = (0.1054, 0.6387)\n  centers[13] = (0.1054, 0.3613)\n  centers[14] = (0.2030, 0.2030)\n  centers[15] = (0.3613, 0.1054)\n  centers[16] = (0.6387, 0.1054)\n  centers[17] = (0.7970, 0.2030)\n  centers[18] = (0.8946, 0.3613)\n  centers[19] = (0.5000, 0.0398)\n  centers[20] = (0.9602, 0.5000)\n  centers[21] = (0.5000, 0.9602)\n  centers[22] = (0.0398, 0.5000)\n  centers[23] = (0.0610, 0.0610)\n  centers[24] = (0.9390, 0.0610)\n  centers[25] = (0.0610, 0.9390)",
        "num_circles": 26
    },
    "private": {
        "reported_sum_of_radii": 1.5707921811253864
    },
    "execution_time_mean": 0.008767583000008017,
    "execution_time_std": 0.0,
    "num_valid_runs": 1,
    "num_invalid_runs": 0,
    "all_validation_errors": []
}