{
    "combined_score": 1.0134795063418947,
    "public": {
        "centers_str": "  centers[0] = (0.5000, 0.5000)\n  centers[1] = (0.5000, 0.0500)\n  centers[2] = (0.9500, 0.5000)\n  centers[3] = (0.5000, 0.9500)\n  centers[4] = (0.0500, 0.5000)\n  centers[5] = (0.0500, 0.0500)\n  centers[6] = (0.9500, 0.0500)\n  centers[7] = (0.9500, 0.9500)\n  centers[8] = (0.0500, 0.9500)\n  centers[9] = (0.7494, 0.6033)\n  centers[10] = (0.6033, 0.7494)\n  centers[11] = (0.3967, 0.7494)\n  centers[12] = (0.2506, 0.6033)\n  centers[13] = (0.2506, 0.3967)\n  centers[14] = (0.3967, 0.2506)\n  centers[15] = (0.6033, 0.2506)\n  centers[16] = (0.7494, 0.3967)\n  centers[17] = (0.5000, 0.2200)\n  centers[18] = (0.5000, 0.7800)\n  centers[19] = (0.2200, 0.5000)\n  centers[20] = (0.7800, 0.5000)\n  centers[21] = (0.2500, 0.2500)\n  centers[22] = (0.7500, 0.2500)\n  centers[23] = (0.7500, 0.7500)\n  centers[24] = (0.2500, 0.7500)\n  centers[25] = (0.5000, 0.7500)",
        "num_circles": 26
    },
    "private": {
        "reported_sum_of_radii": 1.0134795063418947
    },
    "execution_time_mean": 0.013822957989759743,
    "execution_time_std": 0.0,
    "num_valid_runs": 1,
    "num_invalid_runs": 0,
    "all_validation_errors": []
}