{
    "combined_score": 2.154914661971736,
    "public": {
        "centers_str": "  centers[0] = (0.3796, 0.2751)\n  centers[1] = (0.8861, 0.1764)\n  centers[2] = (0.4709, 0.2024)\n  centers[3] = (0.8659, 0.8641)\n  centers[4] = (0.8621, 0.0332)\n  centers[5] = (0.6675, 0.9269)\n  centers[6] = (0.4191, 0.7288)\n  centers[7] = (0.4944, 0.8941)\n  centers[8] = (0.2140, 0.9328)\n  centers[9] = (0.5638, 0.3040)\n  centers[10] = (0.4297, 0.0870)\n  centers[11] = (0.3776, 0.5996)\n  centers[12] = (0.1386, 0.7451)\n  centers[13] = (0.1099, 0.1087)\n  centers[14] = (0.9092, 0.6430)\n  centers[15] = (0.6261, 0.7069)\n  centers[16] = (0.0722, 0.2868)\n  centers[17] = (0.2915, 0.2087)\n  centers[18] = (0.1562, 0.4852)\n  centers[19] = (0.6124, 0.1270)\n  centers[20] = (0.7884, 0.4152)\n  centers[21] = (0.0717, 0.9278)\n  centers[22] = (0.7672, 0.0672)\n  centers[23] = (0.0282, 0.3772)\n  centers[24] = (0.3467, 0.8310)\n  centers[25] = (0.3910, 0.3926)",
        "num_circles": 26
    },
    "private": {
        "reported_sum_of_radii": 2.154914661971736
    },
    "execution_time_mean": 7.34495329199126,
    "execution_time_std": 0.0,
    "num_valid_runs": 1,
    "num_invalid_runs": 0,
    "all_validation_errors": []
}