{
    "combined_score": 1.7574408968669715,
    "public": {
        "centers_str": "  centers[0] = (0.0786, 0.0686)\n  centers[1] = (0.9219, 0.0894)\n  centers[2] = (0.9280, 0.9213)\n  centers[3] = (0.0753, 0.9313)\n  centers[4] = (0.2145, 0.0412)\n  centers[5] = (0.2285, 0.9525)\n  centers[6] = (0.3960, 0.0479)\n  centers[7] = (0.4006, 0.9558)\n  centers[8] = (0.5970, 0.0417)\n  centers[9] = (0.5898, 0.9534)\n  centers[10] = (0.7767, 0.0328)\n  centers[11] = (0.7912, 0.9667)\n  centers[12] = (0.5080, 0.5116)\n  centers[13] = (0.6486, 0.5064)\n  centers[14] = (0.3506, 0.4962)\n  centers[15] = (0.5098, 0.6339)\n  centers[16] = (0.4986, 0.3647)\n  centers[17] = (0.6043, 0.5900)\n  centers[18] = (0.8276, 0.4969)\n  centers[19] = (0.7276, 0.7245)\n  centers[20] = (0.4971, 0.8383)\n  centers[21] = (0.2752, 0.7254)\n  centers[22] = (0.1716, 0.4959)\n  centers[23] = (0.2627, 0.2677)\n  centers[24] = (0.5031, 0.1652)\n  centers[25] = (0.7264, 0.2693)",
        "num_circles": 26
    },
    "private": {
        "reported_sum_of_radii": 1.7574408968669715
    },
    "execution_time_mean": 0.0045074579829815775,
    "execution_time_std": 0.0,
    "num_valid_runs": 1,
    "num_invalid_runs": 0,
    "all_validation_errors": []
}