{
    "combined_score": 1.0286129812981761,
    "public": {
        "centers_str": "  centers[0] = (0.5000, 0.5000)\n  centers[1] = (0.8000, 0.5000)\n  centers[2] = (0.7121, 0.7121)\n  centers[3] = (0.5000, 0.8000)\n  centers[4] = (0.2879, 0.7121)\n  centers[5] = (0.2000, 0.5000)\n  centers[6] = (0.2879, 0.2879)\n  centers[7] = (0.5000, 0.2000)\n  centers[8] = (0.7121, 0.2879)\n  centers[9] = (0.9900, 0.5000)\n  centers[10] = (0.9900, 0.7276)\n  centers[11] = (0.9656, 0.9244)\n  centers[12] = (0.7808, 0.9900)\n  centers[13] = (0.5581, 0.9900)\n  centers[14] = (0.3276, 0.9900)\n  centers[15] = (0.1203, 0.9900)\n  centers[16] = (0.0100, 0.8317)\n  centers[17] = (0.0100, 0.6158)\n  centers[18] = (0.0100, 0.3842)\n  centers[19] = (0.0100, 0.1683)\n  centers[20] = (0.1203, 0.0100)\n  centers[21] = (0.3276, 0.0100)\n  centers[22] = (0.5581, 0.0100)\n  centers[23] = (0.7808, 0.0100)\n  centers[24] = (0.9656, 0.0756)\n  centers[25] = (0.9900, 0.2724)",
        "num_circles": 26
    },
    "private": {
        "reported_sum_of_radii": 1.0286129812981761
    },
    "execution_time_mean": 0.00890991699998267,
    "execution_time_std": 0.0,
    "num_valid_runs": 1,
    "num_invalid_runs": 0,
    "all_validation_errors": []
}