{
    "combined_score": 1.0998019192101856,
    "public": {
        "centers_str": "  centers[0] = (0.5000, 0.5000)\n  centers[1] = (0.7800, 0.5000)\n  centers[2] = (0.6980, 0.6980)\n  centers[3] = (0.5000, 0.2200)\n  centers[4] = (0.3020, 0.6980)\n  centers[5] = (0.2200, 0.5000)\n  centers[6] = (0.3020, 0.3020)\n  centers[7] = (0.5000, 0.7800)\n  centers[8] = (0.6980, 0.3020)\n  centers[9] = (0.9900, 0.5000)\n  centers[10] = (0.9900, 0.7487)\n  centers[11] = (0.9596, 0.9596)\n  centers[12] = (0.7487, 0.9900)\n  centers[13] = (0.5000, 0.9900)\n  centers[14] = (0.2513, 0.9900)\n  centers[15] = (0.0404, 0.9596)\n  centers[16] = (0.0100, 0.7487)\n  centers[17] = (0.0100, 0.5000)\n  centers[18] = (0.0100, 0.2513)\n  centers[19] = (0.0404, 0.0404)\n  centers[20] = (0.2513, 0.0100)\n  centers[21] = (0.5000, 0.0100)\n  centers[22] = (0.7487, 0.0100)\n  centers[23] = (0.9596, 0.0404)\n  centers[24] = (0.9900, 0.2513)\n  centers[25] = (0.0100, 0.0100)",
        "num_circles": 26
    },
    "private": {
        "reported_sum_of_radii": 1.0998019192101856
    },
    "execution_time_mean": 0.04958416701992974,
    "execution_time_std": 0.0,
    "num_valid_runs": 1,
    "num_invalid_runs": 0,
    "all_validation_errors": []
}