{
    "combined_score": 1.5614812779162413,
    "public": {
        "centers_str": "  centers[0] = (0.5000, 0.5000)\n  centers[1] = (0.0180, 0.0180)\n  centers[2] = (0.9820, 0.0180)\n  centers[3] = (0.9820, 0.9820)\n  centers[4] = (0.0180, 0.9820)\n  centers[5] = (0.5000, 0.0340)\n  centers[6] = (0.9660, 0.5000)\n  centers[7] = (0.5000, 0.9660)\n  centers[8] = (0.0340, 0.5000)\n  centers[9] = (0.3300, 0.3400)\n  centers[10] = (0.3368, 0.6754)\n  centers[11] = (0.6784, 0.3287)\n  centers[12] = (0.6674, 0.6610)\n  centers[13] = (0.9465, 0.4965)\n  centers[14] = (0.8458, 0.7427)\n  centers[15] = (0.7227, 0.8520)\n  centers[16] = (0.5284, 0.9031)\n  centers[17] = (0.2581, 0.8343)\n  centers[18] = (0.1225, 0.7241)\n  centers[19] = (0.0684, 0.5408)\n  centers[20] = (0.1483, 0.2559)\n  centers[21] = (0.3043, 0.1381)\n  centers[22] = (0.4629, 0.0981)\n  centers[23] = (0.7168, 0.1376)\n  centers[24] = (0.8843, 0.3219)\n  centers[25] = (0.8597, 0.8587)",
        "num_circles": 26
    },
    "private": {
        "reported_sum_of_radii": 1.5614812779162413
    },
    "execution_time_mean": 0.0036081669968552887,
    "execution_time_std": 0.0,
    "num_valid_runs": 1,
    "num_invalid_runs": 0,
    "all_validation_errors": []
}