{
    "combined_score": 1.810518341500379,
    "public": {
        "centers_str": "  centers[0] = (0.3091, 0.3091)\n  centers[1] = (0.7700, 0.5000)\n  centers[2] = (0.6167, 0.8870)\n  centers[3] = (0.5000, 0.7700)\n  centers[4] = (0.1500, 0.9430)\n  centers[5] = (0.5000, 0.5000)\n  centers[6] = (0.1500, 0.0570)\n  centers[7] = (0.5000, 0.2300)\n  centers[8] = (0.6167, 0.1060)\n  centers[9] = (0.0549, 0.0549)\n  centers[10] = (0.0549, 0.9451)\n  centers[11] = (0.6909, 0.3091)\n  centers[12] = (0.9451, 0.9451)\n  centers[13] = (0.3091, 0.6909)\n  centers[14] = (0.3833, 0.0990)\n  centers[15] = (0.9451, 0.0549)\n  centers[16] = (0.8500, 0.0570)\n  centers[17] = (0.2300, 0.5000)\n  centers[18] = (0.0570, 0.8500)\n  centers[19] = (0.6909, 0.6909)\n  centers[20] = (0.8500, 0.9430)\n  centers[21] = (0.0570, 0.1500)\n  centers[22] = (0.3833, 0.8870)\n  centers[23] = (0.9430, 0.1500)\n  centers[24] = (0.9010, 0.5000)\n  centers[25] = (0.9430, 0.8500)",
        "num_circles": 26
    },
    "private": {
        "reported_sum_of_radii": 1.810518341500379
    },
    "execution_time_mean": 7.398528959020041,
    "execution_time_std": 0.0,
    "num_valid_runs": 1,
    "num_invalid_runs": 0,
    "all_validation_errors": []
}