{
    "combined_score": 1.6604781616812931,
    "public": {
        "centers_str": "  centers[0] = (0.5000, 0.5000)\n  centers[1] = (0.0600, 0.0600)\n  centers[2] = (0.9400, 0.0600)\n  centers[3] = (0.9400, 0.9400)\n  centers[4] = (0.0600, 0.9400)\n  centers[5] = (0.2500, 0.0850)\n  centers[6] = (0.5000, 0.0850)\n  centers[7] = (0.7500, 0.0850)\n  centers[8] = (0.9150, 0.2500)\n  centers[9] = (0.9150, 0.5000)\n  centers[10] = (0.9150, 0.7500)\n  centers[11] = (0.2500, 0.9150)\n  centers[12] = (0.5000, 0.9150)\n  centers[13] = (0.7500, 0.9150)\n  centers[14] = (0.0850, 0.2500)\n  centers[15] = (0.0850, 0.5000)\n  centers[16] = (0.0850, 0.7500)\n  centers[17] = (0.6520, 0.6520)\n  centers[18] = (0.3480, 0.6520)\n  centers[19] = (0.3480, 0.3480)\n  centers[20] = (0.6520, 0.3480)\n  centers[21] = (0.8138, 0.6020)\n  centers[22] = (0.5000, 0.8300)\n  centers[23] = (0.1862, 0.6020)\n  centers[24] = (0.3060, 0.2330)\n  centers[25] = (0.6940, 0.2330)",
        "num_circles": 26
    },
    "private": {
        "reported_sum_of_radii": 1.6604781616812931
    },
    "execution_time_mean": 0.014936291991034523,
    "execution_time_std": 0.0,
    "num_valid_runs": 1,
    "num_invalid_runs": 0,
    "all_validation_errors": []
}