{
    "combined_score": 0.9464718625761427,
    "public": {
        "centers_str": "  centers[0] = (0.5000, 0.5000)\n  centers[1] = (0.9000, 0.5000)\n  centers[2] = (0.7828, 0.7828)\n  centers[3] = (0.5000, 0.9000)\n  centers[4] = (0.2172, 0.7828)\n  centers[5] = (0.1000, 0.5000)\n  centers[6] = (0.2172, 0.2172)\n  centers[7] = (0.5000, 0.1000)\n  centers[8] = (0.7828, 0.2172)\n  centers[9] = (0.9900, 0.5000)\n  centers[10] = (0.9243, 0.9243)\n  centers[11] = (0.5000, 0.9900)\n  centers[12] = (0.0757, 0.9243)\n  centers[13] = (0.0100, 0.5000)\n  centers[14] = (0.0757, 0.0757)\n  centers[15] = (0.5000, 0.0100)\n  centers[16] = (0.9243, 0.0757)\n  centers[17] = (0.9900, 0.5000)\n  centers[18] = (0.9900, 0.9900)\n  centers[19] = (0.5000, 0.9900)\n  centers[20] = (0.0100, 0.9900)\n  centers[21] = (0.0100, 0.5000)\n  centers[22] = (0.0100, 0.0100)\n  centers[23] = (0.5000, 0.0100)\n  centers[24] = (0.9900, 0.0100)\n  centers[25] = (0.0100, 0.0100)",
        "num_circles": 26
    },
    "private": {
        "reported_sum_of_radii": 0.9464718625761427
    },
    "execution_time_mean": 0.002244584000436589,
    "execution_time_std": 0.0,
    "num_valid_runs": 1,
    "num_invalid_runs": 0,
    "all_validation_errors": []
}