{
    "combined_score": 0.9597690998087064,
    "public": {
        "centers_str": "  centers[0] = (0.5000, 0.5000)\n  centers[1] = (0.8000, 0.5000)\n  centers[2] = (0.7121, 0.7121)\n  centers[3] = (0.5000, 0.8000)\n  centers[4] = (0.2879, 0.7121)\n  centers[5] = (0.2000, 0.5000)\n  centers[6] = (0.2879, 0.2879)\n  centers[7] = (0.5000, 0.2000)\n  centers[8] = (0.7121, 0.2879)\n  centers[9] = (0.9900, 0.5000)\n  centers[10] = (0.9900, 0.7679)\n  centers[11] = (0.9900, 0.9900)\n  centers[12] = (0.7679, 0.9900)\n  centers[13] = (0.5000, 0.9900)\n  centers[14] = (0.2321, 0.9900)\n  centers[15] = (0.0100, 0.9900)\n  centers[16] = (0.0100, 0.7679)\n  centers[17] = (0.0100, 0.5000)\n  centers[18] = (0.0100, 0.2321)\n  centers[19] = (0.0100, 0.0100)\n  centers[20] = (0.2321, 0.0100)\n  centers[21] = (0.5000, 0.0100)\n  centers[22] = (0.7679, 0.0100)\n  centers[23] = (0.9900, 0.0100)\n  centers[24] = (0.9900, 0.2321)\n  centers[25] = (0.0100, 0.0100)",
        "num_circles": 26
    },
    "private": {
        "reported_sum_of_radii": 0.9597690998087064
    },
    "execution_time_mean": 0.01186062500346452,
    "execution_time_std": 0.0,
    "num_valid_runs": 0,
    "num_invalid_runs": 1,
    "all_validation_errors": [
        "Circles 19 & 25 overlap. Dist: 0.0000, Sum Radii: 0.0000"
    ]
}