{
    "combined_score": 1.7290169986485942,
    "public": {
        "centers_str": "  centers[0] = (0.5000, 0.5000)\n  centers[1] = (0.6299, 0.5750)\n  centers[2] = (0.5000, 0.6500)\n  centers[3] = (0.3701, 0.5750)\n  centers[4] = (0.3701, 0.4250)\n  centers[5] = (0.5000, 0.3500)\n  centers[6] = (0.6299, 0.4250)\n  centers[7] = (0.8346, 0.5897)\n  centers[8] = (0.7308, 0.7308)\n  centers[9] = (0.5919, 0.8382)\n  centers[10] = (0.4115, 0.8302)\n  centers[11] = (0.2839, 0.7161)\n  centers[12] = (0.1537, 0.5928)\n  centers[13] = (0.1661, 0.4105)\n  centers[14] = (0.2545, 0.2545)\n  centers[15] = (0.4204, 0.2028)\n  centers[16] = (0.5846, 0.1841)\n  centers[17] = (0.7279, 0.2721)\n  centers[18] = (0.8435, 0.4080)\n  centers[19] = (0.0343, 0.0397)\n  centers[20] = (0.9683, 0.0218)\n  centers[21] = (0.9716, 0.9569)\n  centers[22] = (0.0398, 0.9739)\n  centers[23] = (0.5077, 0.0256)\n  centers[24] = (0.9841, 0.5118)\n  centers[25] = (0.5074, 0.9622)",
        "num_circles": 26
    },
    "private": {
        "reported_sum_of_radii": 1.7290169986485942
    },
    "execution_time_mean": 0.013919624994741753,
    "execution_time_std": 0.0,
    "num_valid_runs": 1,
    "num_invalid_runs": 0,
    "all_validation_errors": []
}