{
    "combined_score": 1.386576514187765,
    "public": {
        "centers_str": "  centers[0] = (0.5000, 0.5000)\n  centers[1] = (0.1250, 0.1250)\n  centers[2] = (0.8750, 0.1250)\n  centers[3] = (0.8750, 0.8750)\n  centers[4] = (0.1250, 0.8750)\n  centers[5] = (0.3767, 0.0120)\n  centers[6] = (0.6233, 0.0120)\n  centers[7] = (0.9880, 0.3767)\n  centers[8] = (0.9880, 0.6233)\n  centers[9] = (0.3767, 0.9880)\n  centers[10] = (0.6233, 0.9880)\n  centers[11] = (0.0120, 0.3767)\n  centers[12] = (0.0120, 0.6233)\n  centers[13] = (0.7035, 0.6175)\n  centers[14] = (0.5000, 0.7350)\n  centers[15] = (0.2965, 0.6175)\n  centers[16] = (0.2965, 0.3825)\n  centers[17] = (0.5000, 0.2650)\n  centers[18] = (0.7035, 0.3825)\n  centers[19] = (0.8243, 0.6562)\n  centers[20] = (0.5801, 0.8510)\n  centers[21] = (0.2755, 0.7815)\n  centers[22] = (0.1400, 0.5000)\n  centers[23] = (0.2755, 0.2185)\n  centers[24] = (0.5801, 0.1490)\n  centers[25] = (0.8243, 0.3438)",
        "num_circles": 26
    },
    "private": {
        "reported_sum_of_radii": 1.386576514187765
    },
    "execution_time_mean": 0.0014497920055873692,
    "execution_time_std": 0.0,
    "num_valid_runs": 1,
    "num_invalid_runs": 0,
    "all_validation_errors": []
}