{
    "combined_score": 1.0030434456397235,
    "public": {
        "centers_str": "  centers[0] = (0.0160, 0.0160)\n  centers[1] = (0.9840, 0.0160)\n  centers[2] = (0.9840, 0.9840)\n  centers[3] = (0.0160, 0.9840)\n  centers[4] = (0.5000, 0.0320)\n  centers[5] = (0.9680, 0.5000)\n  centers[6] = (0.5000, 0.9680)\n  centers[7] = (0.0320, 0.5000)\n  centers[8] = (0.5000, 0.5000)\n  centers[9] = (0.2800, 0.2920)\n  centers[10] = (0.4370, 0.2865)\n  centers[11] = (0.5629, 0.2750)\n  centers[12] = (0.7202, 0.2681)\n  centers[13] = (0.2901, 0.5008)\n  centers[14] = (0.7302, 0.4975)\n  centers[15] = (0.2909, 0.7081)\n  centers[16] = (0.4168, 0.7122)\n  centers[17] = (0.5723, 0.7234)\n  centers[18] = (0.7308, 0.7315)\n  centers[19] = (0.7887, 0.7199)\n  centers[20] = (0.8270, 0.7655)\n  centers[21] = (0.2539, 0.7933)\n  centers[22] = (0.1394, 0.7671)\n  centers[23] = (0.2054, 0.2784)\n  centers[24] = (0.2166, 0.1118)\n  centers[25] = (0.7660, 0.2498)",
        "num_circles": 26
    },
    "private": {
        "reported_sum_of_radii": 1.0030434456397235
    },
    "execution_time_mean": 0.008210291009163484,
    "execution_time_std": 0.0,
    "num_valid_runs": 1,
    "num_invalid_runs": 0,
    "all_validation_errors": []
}