{
    "combined_score": 1.0630680270148274,
    "public": {
        "centers_str": "  centers[0] = (0.5000, 0.5000)\n  centers[1] = (0.0600, 0.0600)\n  centers[2] = (0.9400, 0.0600)\n  centers[3] = (0.9400, 0.9400)\n  centers[4] = (0.0600, 0.9400)\n  centers[5] = (0.5000, 0.0450)\n  centers[6] = (0.9550, 0.5000)\n  centers[7] = (0.5000, 0.9550)\n  centers[8] = (0.0450, 0.5000)\n  centers[9] = (0.6678, 0.5234)\n  centers[10] = (0.6603, 0.6858)\n  centers[11] = (0.5502, 0.6959)\n  centers[12] = (0.4411, 0.7482)\n  centers[13] = (0.3194, 0.7040)\n  centers[14] = (0.2291, 0.5923)\n  centers[15] = (0.2232, 0.4549)\n  centers[16] = (0.2622, 0.3007)\n  centers[17] = (0.3632, 0.1834)\n  centers[18] = (0.5427, 0.2226)\n  centers[19] = (0.7216, 0.2009)\n  centers[20] = (0.8477, 0.3335)\n  centers[21] = (0.8340, 0.5149)\n  centers[22] = (0.8492, 0.6963)\n  centers[23] = (0.7441, 0.8468)\n  centers[24] = (0.5647, 0.8797)\n  centers[25] = (0.3262, 0.8967)",
        "num_circles": 26
    },
    "private": {
        "reported_sum_of_radii": 1.0630680270148274
    },
    "execution_time_mean": 0.013340125005925074,
    "execution_time_std": 0.0,
    "num_valid_runs": 1,
    "num_invalid_runs": 0,
    "all_validation_errors": []
}