{
    "combined_score": 1.3721700693419332,
    "public": {
        "centers_str": "  centers[0] = (0.5000, 0.5000)\n  centers[1] = (0.7005, 0.5426)\n  centers[2] = (0.5633, 0.6950)\n  centers[3] = (0.3628, 0.6523)\n  centers[4] = (0.2995, 0.4574)\n  centers[5] = (0.4367, 0.3050)\n  centers[6] = (0.6372, 0.3477)\n  centers[7] = (0.8636, 0.6263)\n  centers[8] = (0.7823, 0.7824)\n  centers[9] = (0.6263, 0.8637)\n  centers[10] = (0.3737, 0.8636)\n  centers[11] = (0.2176, 0.7823)\n  centers[12] = (0.1363, 0.6263)\n  centers[13] = (0.1364, 0.3737)\n  centers[14] = (0.2177, 0.2176)\n  centers[15] = (0.3737, 0.1363)\n  centers[16] = (0.6263, 0.1364)\n  centers[17] = (0.7824, 0.2177)\n  centers[18] = (0.8637, 0.3737)\n  centers[19] = (0.5002, 0.0179)\n  centers[20] = (0.9821, 0.5002)\n  centers[21] = (0.4998, 0.9821)\n  centers[22] = (0.0179, 0.4998)\n  centers[23] = (0.0580, 0.0580)\n  centers[24] = (0.9420, 0.0580)\n  centers[25] = (0.0580, 0.9420)",
        "num_circles": 26
    },
    "private": {
        "reported_sum_of_radii": 1.3721700693419332
    },
    "execution_time_mean": 0.012544249999336898,
    "execution_time_std": 0.0,
    "num_valid_runs": 1,
    "num_invalid_runs": 0,
    "all_validation_errors": []
}